<?xml version="1.0" encoding="UTF-8"?>
<!DOCTYPE mapper
  PUBLIC "-//mybatis.org//DTD Mapper 3.0//EN"
  "http://mybatis.org/dtd/mybatis-3-mapper.dtd">
<mapper namespace="com.team200.proj.dao.ChatDAO">
	<insert id="registChat">
		insert into chatList (send_user_id) values (#{send_user_id})
	</insert>
	
	<insert id="registChatRoom">
		insert into chatRoom (chat_room_id, chat_info, chat_role) values( #{chat_room_id}, '문의하세요.' , 1)
	</insert>
	
	<insert id="addChat">
		insert into chatRoom (chat_room_id, chat_info, chat_role) values( #{chat_room_id}, #{chat_info} , #{chat_role})
	</insert>
	
	<select id="getChat" parameterType="String" resultType="chatVO" >
		select chat_room_id, send_user_id, update_date from chatList where send_user_id = #{userid} 
	</select>
	
	<select id="getChatRoomList"  parameterType="String" resultType="chatRoomVO">
		select * from chatRoom where chat_room_id = #{roomId}
	</select>
</mapper>
