<?xml version="1.0" encoding="UTF-8"?>
<!DOCTYPE mapper
        PUBLIC "-//mybatis.org//DTD Mapper 3.0//EN"
        "http://mybatis.org/dtd/mybatis-3-mapper.dtd">

<mapper namespace="com.team200.proj.dao.MeetingDAO">

    <select id="showModalAll" resultType="showVO">
        select id, name from showdb
    </select>

    <select id="showModal" resultType="showVO">
        select id, name from showdb where name like CONCAT('%', #{search}, '%')
    </select>

	<select id="showSearch" resultType="showVO">
	 select id, name from showdb where id= name='%${param1}%' order by name desc;
	</select>

    <select id="mainMeeting" resultType="MeetingVO">
        select a.id, a.user_id, a.status, a.title, a.content, date_format(a.writedate, '%m-%d %h:%i') writedate, b.genre,
        b.name

        from board a inner join showdb b on a.showdb_id = b.id
<!--         <if test = "meetingkeyword != null"> -->
<!--         where (title like '%${meetingkeyword}%' or content like '%${meetingkeyword}%') -->
<!--         </if> -->
        order by id desc
    </select>

    <select id="searchByTitle" resultType="MeetingVO">
        select a.id, a.user_id, a.title, a.content, date_format(a.writedate, '%m-%d %h:%i') writedate, b.genre
        from board a inner join showdb b on a.showdb_id = b.id where title like CONCAT('%', #{title}, '%')
    </select>
    
      <select id="meetingsearch" resultType="MeetingVO">
        select a.id, a.user_id, a.title, a.content, date_format(a.writedate, '%m-%d %h:%i') writedate, b.genre
        from board a inner join showdb b on a.showdb_id = b.id
    </select>

    <select id="mainMeetingGenre" resultType="MeetingVO">
        select a.id, a.user_id, a.title, a.content, date_format(a.writedate, '%m-%d %h:%i') writedate, b.genre
        from board a
                 inner join showdb b on a.showdb_id = b.id
        where b.genre = #{genre}
        order by id desc;
--         select *
--         from board
    </select>

    <select id="mainMeetingGenre2" resultType="MeetingVO">
        select a.id, a.user_id, a.title, a.content, date_format(a.writedate, '%m-%d %h:%i') writedate, b.genre
        from board a
                 inner join showdb b on a.showdb_id = b.id
        where b.genre = #{param1}
        or b.genre = #{param2}
        order by id desc;
        --         select *
--         from board
    </select>

<!--    <select id="playMeetingList" resultType="MeetingVO">-->
<!--        select a.id, a.user_id, a.title, a.content, date_format(a.writedate, '%m-%d %h:%i') writedate, b.genre-->
<!--        from board a-->
<!--                 left outer join showdb b on a.showdb_id = b.id-->
<!--        where b.genre = '연극'-->
<!--        order by id desc;-->
<!--    </select>-->

    <insert id="meetingWriteOk">
        insert into board(user_id, showdb_id, title, content, status)
        values (#{user_id}, #{showdb_id}, #{title}, #{content}, #{status})
    </insert>

    <select id="mainMeetingGet" resultType="MeetingVO">
        select * from board where id = #{id}
    </select>

    <update id="meetingEdit" parameterType="map">
        update board
        set title   = #{title},
            content = #{content},
            showdb_id = #{showdb_id}
        where id = #{id}
    </update>

    <delete id="meetingDelete">
        delete
        from board
        where id = #{id}
    </delete>

    <select id="meetingView" resultType="MeetingVO">
        select a.id, a.user_id, a.title, a.content, date_format(a.writedate, '%y-%m-%d %h:%i') writedate, a.showdb_id, b.genre, b.name
        from board a inner join showdb b on a.showdb_id = b.id where a.id = #{id}
    </select>

</mapper>